,precision,recall,f1-score,support
0.0,0.9813849994572886,0.9980682194502705,0.9896563047285464,18118.0
1.0,0.959079283887468,0.6744604316546763,0.791974656810982,556.0
2.0,0.9758418740849195,0.9205801104972375,0.947405828002843,1448.0
3.0,0.8823529411764706,0.7407407407407407,0.8053691275167785,162.0
4.0,0.993006993006993,0.9713930348258707,0.982081106570261,1608.0
accuracy,0.9808605883427736,0.9808605883427736,0.9808605883427736,0.9808605883427736
macro avg,0.9583332183226279,0.861048507433759,0.9032974047258822,21892.0
weighted avg,0.9805726729814261,0.9808605883427736,0.9799210074561268,21892.0
